"key","message","comment","context"
"Teamwork","calisan Gruplari",,
"Messaging","Mesajlasma",,
"{{ ""HR manager"" }}","{{ ""ik Yoneticisi"" }}",,
"value:Timesheet Management","Deger: Zaman cizelgesi Yonetimi",,
"value:Leave Management","Deger: Ayrilma Yonetimi",,
"value:Extra hours","Deger: Ekstra Saatler",,
"value:Expense Management","Deger: Gider Yonetimi",,
"value:Employees Managment","Deger: calisanlar Yonetimi",,
"user group","Kullanici Grubu",,
"mobile phone","Cep Telefonu",,
"login name","Kullanici Adi",,
"http://www.url.com","Http://Www.Url.Com",,
"hr.department","insan Kaynaklari Departmani",,
"com.axelor.apps.hr.service.batch.HrBatchService","Com.Axelor.Apps.Hr.Service.Batch.Hrbatchservice",,
"amount","Tutar",,
"Zip code","Posta Kodu",,
"You now have a negative amount of leave available for the reason %s","Artik %S Nedeni icin Negatif Bir izniniz Var",,
"You must configure an expenses journal(company : %s)","Bir Gider Dergisi (sirket: %S) Yapilandirmalisiniz",,
"You must configure an expenses account (company : %s)","Bir Gider Hesabi Yapilandirmalisiniz (sirket: %S)",,
"You must configure an account for expenses taxes (company : %s)","Gider Vergileri icin Bir Hesap Yapilandirmalisiniz (sirket: %S)",,
"You must choose a template.","Bir sablon Secmelisiniz.",,
"You must be a HR manager to have the permission to do this.","Bunu Yapma iznine Sahip Olmak icin ik Yoneticisi Olmalisiniz.",,
"You have to choose at least one timesheet","En Az Bir Zaman cizelgesi Secmelisiniz",,
"You are not able to take leave in advance for the reason '%s'.","%S' Nedeni icin onceden izin Alamazsiniz.",,
"Yes","Evet",,
"Year","Yil",,
"Working time modification","calisma Suresi Modifikasyonu",,
"Working status","calisma Durumu",,
"Working days' number","is Gunleri Numarasi",,
"Working card serial","calisma Karti Dizisi",,
"Working card No","calisma Karti No",,
"Working card","calisma Karti",,
"Work phones","is Telefonlari",,
"Work mobile phone","Cep Telefonu is",,
"Work hours","calisma Saatleri",,
"Work fixed phone","is Sabit Telefon",,
"Work Telephone No","is Telefonu Hayir",,
"Work Permission","calisma izni",,
"Work Address","is Adresi",,
"Woman","Kadin",,
"Withdrawn cash","Geri cekilen Nakit",,
"Weight","Agirlik",,
"Weekly work hours","Haftalik calisma Saatleri",,
"Weekly work duration","Haftalik calisma Suresi",,
"Weekly planning","Haftalik Planlama",,
"Weekly duration","Haftalik Sure",,
"Weekly Planning","Haftalik Planlama",,
"Wednesday","carsamba",,
"Waiting validation","Bekleme Dogrulamasi",,
"Waiting for validation","Dogrulama Beklemek",,
"Waiting Timesheet lines","Bekleyen Zaman cizelgesi cizgileri",,
"Visa No","Vize Numarasi",,
"Visa Days","Vize Gunleri",,
"Visa Date of issue","Vize Verilis Tarihi",,
"Visa Date of expiry","Vize Gecerlilik Tarihi",,
"Visa","Vize",,
"Ventilated","Havalandirilmis",,
"Ventilate","Havalandirmak",,
"Vehicles","Araclar",,
"Vehicle Model","Arac Modeli",,
"Vehicle Make","Arac Markasi",,
"Vehicle","Arac",,
"Value","Deger",,
"Validation Date","Gecerlilik Tarihi",,
"Validated by","Tarafindan Onaylanmis",,
"Validated Timesheet lines","Dogrulanmis Zaman cizelgesi cizgileri",,
"Validated Timesheet Template","Dogrulanmis Zaman cizelgesi sablonu",,
"Validated Leave Request Template","Onaylanmis izin istegi sablonu",,
"Validated Extra Hours Template","Dogrulanmis Ekstra Saat sablonu",,
"Validated Expense Template","Dogrulanmis Gider sablonu",,
"Validated","Onaylanmis",,
"Validate the advance","ilerlemeyi Dogrulayin",,
"Validate","Dogrulamak",,
"VOIE","Voie",,
"VNJ","Vnj",,
"VILLE","Ville",,
"Users","Kullanicilar",,
"User to be reminded","Hatirlanacak Kullanici",,
"User creation","Kullanici Olusturma",,
"User","Kullanici",,
"Used amount","Kullanilan Miktar",,
"Use weekly plannning coef.","Haftalik Planlama Koefini Kullanin.",,
"Use unique product for timesheet","Zaman cizelgesi icin Benzersiz urun Kullanin",,
"Use line's Activity","Line'in Etkinligini Kullanin",,
"Use employee's Activity","calisanin Etkinligini Kullanin",,
"Update to invoice","Faturaya Guncelleme",,
"Update include in turonver forecast","Guncelleme Turonver Tahmininde Yer Aliyor",,
"Update date","Guncelleme Tarihi",,
"Untaxed amount","Vergilendirilmemis Miktar",,
"Unit","Birim",,
"Unique product for timesheet","Zaman cizelgesi icin Benzersiz urun",,
"Unavailable to users","Kullanicilar icin Kullanilamiyor",,
"Type","Tip",,
"Tuesday","Sali",,
"Trial period duration","Deneme Suresi Suresi",,
"Tracking number","Takip Numarasi",,
"Tourist","Turist",,
"Totals on period","Donemdeki Toplam",,
"TotalToRefund","Totaltorefund",,
"Total to refund","Geri odemeye Toplam",,
"Total to pay","odeyecek Toplam",,
"Total tax","Toplam Vergi",,
"Total required hours","Toplam Gerekli Saatler",,
"Total real hours","Toplam Gercek Saatler",,
"Total planned hours","Toplam Planlanan Saatler",,
"Total on period (hours)","Donemde Toplam (Saat)",,
"Total lunch vouchers","Toplam ogle Yemegi Kuponlari",,
"Total amount with tax","Vergi ile Toplam Tutar",,
"Total amount","Toplam Tutar",,
"Total W.T.","Toplam W.T.",,
"Total Minutes per Day","Gunde Toplam Dakika",,
"Total Hours per Day","Gunde Toplam Saat",,
"Total Days in the period","Donemdeki Toplam Gun",,
"Total A.T.I.","Toplam A.T.i.",,
"Total A.T.I","Toplam A.T.i",,
"Total (h)","Toplam (H)",,
"Total","Toplam",,
"Tools","Aletler",,
"Too many requests","cok Fazla istek",,
"To invoice","Faturalamak",,
"To generation date","Nesil Tarihine",,
"To date can't be empty","Bugune Kadar Bos Olamaz",,
"To date","Bugune Kadar",,
"To Date","Bugune Kadar",,
"To (included)","(Dahil)",,
"To","ile",,
"Timesheets to be Validated by your subordinates","Astlariniz Tarafindan Dogrulanacak Zaman cizelgeleri",,
"Timesheets to Validate","Dogrulamak icin Zaman cizelgeleri",,
"Timesheets","Zaman cizelgeleri",,
"TimesheetReport","Timeseetreport",,
"TimesheetLine.timeSpent","Timeseetline.Timespent",,
"TimesheetLine.project","Timeseetline.Project",,
"TimesheetLine.product","Timeseetline.Product",,
"TimesheetLine.duration","Timeseetline.Duration",,
"Timesheet.totalDuration","Zaman cizelgesi.Totalduation",,
"Timesheet.toDate","Zaman cizelgesi.Todeat",,
"Timesheet.timesheetOf","Zaman cizelgesi.Timesheetof",,
"Timesheet.task","Zaman cizelgesi.Task",,
"Timesheet.fromDate","Zaman cizelgesi.Fromdate",,
"Timesheet report","Zaman cizelgesi Raporu",,
"Timesheet reminders","Zaman cizelgesi Hatirlaticilari",,
"Timesheet reminder template","Zaman cizelgesi Hatirlatma sablonu",,
"Timesheet reminder lines","Zaman cizelgesi Hatirlatma Satirlari",,
"Timesheet reminder line","Zaman cizelgesi Hatirlatma Satiri",,
"Timesheet reminder","Zaman cizelgesi Hatirlaticisi",,
"Timesheet lines","Zaman cizelgesi Satirlari",,
"Timesheet line list is empty, please add a timesheet line list","Zaman cizelgesi Satiri Listesi Bos, Lutfen Bir Zaman cizelgesi Satiri Listesi Ekleyin",,
"Timesheet filters","Zaman cizelgesi Filtreleri",,
"Timesheet editor","Zaman cizelgesi Editoru",,
"Timesheet default end date format","Zaman cizelgesi Varsayilan Bitis Tarihi Bicimi",,
"Timesheet Templates","Zaman cizelgesi sablonlari",,
"Timesheet Notification Mail","Zaman cizelgesi Bildirim Postasi",,
"Timesheet Lines","Zaman cizelgesi Satirlari",,
"Timesheet Line Form","Zaman cizelgesi Satiri Formu",,
"Timesheet Line","Zaman cizelgesi cizgisi",,
"Timesheet","Zaman Plani",,
"Timer start date time","Zamanlayici Baslangic ??Tarihi Saati",,
"Time%","Zaman%",,
"Time of hire","Kiralama Zamani",,
"Time logging preference","Zaman Kaydi Tercihi",,
"Time Sheet","Zaman Plani",,
"Time %","Zaman %",,
"Thursday","Persembe",,
"This date is invalid. It must be included in the timesheet's period.","Bu Tarih Gecersiz. Zaman cizelgesinin Donemine Dahil Edilmelidir.",,
"This contact is referenced from employee %s - %s","Bu Kisiye calisandan %S - %S'Ye Atifta Bulunulur",,
"There is no year selected for the allowance.","odenek icin Bir Yil Secilmez.",,
"There is no year for society %s which includes date %s","%S Tarihi iceren Toplum %S icin Yil Yok",,
"There is no payroll for society %s which includes date %s","%S Tarihi iceren Toplum icin %Sn'Lik Bir Bordro Yok",,
"There is no matching condition for the allowance %s","%S odenek icin Eslesen Bir Kosul Yoktur",,
"There is no leave line for the employee %s and the reason %s.","calisan %S Ve %S Nedeni icin izin Hatti Yoktur.",,
"There is no fiscal year for society %s which includes date %s","%S Tarihi iceren Toplum icin Mali Yil Yok",,
"There is no civil year for society %s which includes date %s","Toplum icin %S iceren %S iceren Bir Sivil Yil Yok",,
"There is an error in a formula","Bir Formulde Bir Hata Var",,
"There is already a payroll preparation for the employee %s, the company %s and the period %s","%S, sirket %S Ve %S Donemi icin Bir Bordro Hazirligi Var",,
"The size of trousers","Pantolonun Boyutu",,
"The kilometric allowance rate corresponding to the kilometric allow param %s and the company %s is missing","Kilometrik izin Verilen Kilometrik odenek Orani, Param %S Ve %S sirketi Eksik",,
"The issuing authority","ihrac Eden Otorite",,
"The employee %s has no seniority date","calisan %S'Nin Kidemli Tarihi Yok",,
"The employee %s has no birth date","calisan %S'Nin Dogum Tarihi Yok",,
"The employee %s has no %s leave line","calisan %S'Nin %S izin Hatti Yok",,
"The employee %s has multiple %s leave lines","calisan %S'Nin Daha Fazla %S izin Satirlari Var",,
"The date of timesheet line %d can't be empty","Zaman cizelgesi Satirinin Tarihi %D Bos Olamaz",,
"The bank order linked to this expense has already been carried out/rejected, and thus can't be canceled","Bu Masrafla Baglantili Banka Emri Zaten Gerceklestirildi/Reddedildi Ve Bu Nedenle iptal Edilemez",,
"Template","sablon",,
"Telephone No For Bank","Banka icin Telefon Hayir",,
"TeamTask","Teamtask",,
"Task","Gorev",,
"TSTimer","Tstimer",,
"TEL 2","Tel 2",,
"TEL","Televizyon",,
"Surname","Soyadi",,
"Sunday","Pazar",,
"Street","Sokak",,
"Stop","Durmak",,
"Stock quantity status","Stok Miktar Durumu",,
"Step by step","Adim Adim",,
"Status Timer","Durum Zamanlayicisi",,
"Status","Durum",,
"Starting city","Baslangic ??sehir",,
"Start&Stop Timer","Baslat Ve Durdur Zamanlayici",,
"Start&Stop","Basla Dur",,
"Start time","Baslangic ??Saati",,
"Start date","Baslangic ??Tarihi",,
"Start Time","Baslangic ??Saati",,
"Start On","Basla",,
"Start Date","Baslangic ??Tarihi",,
"Start","Baslama",,
"Standard","Standart",,
"Spent time","Harcanan Zaman",,
"Social security number","Sosyal Guvenlik Numarasi",,
"Social Charges","Sosyal Suclamalar",,
"SmicValue.name","Smicvalue.Name",,
"SmicValue.menu","Smicvalue.Menu",,
"Size","Boyut",,
"Single","Bekar",,
"Silae","Sila",,
"Signature date","imza Tarihi",,
"Sigara kullanimi","Sigara Kullanimi",,
"Show timesheets to be validated by my subordinates","Astlarim Tarafindan Dogrulanacak Zaman cizelgelerini Gosterin",,
"Show leaves to be validated by my subordinates","Astlarim Tarafindan Dogrulanacak Yapraklari Goster",,
"Show extra hours to be validated by my subordinates","Astlarim Tarafindan Dogrulanacak Fazladan Saat Goster",,
"Show expenses to be validated by my subordinates","Astlarim Tarafindan Dogrulanacak Masraflari Goster",,
"Show expenses annual report","Giderleri Goster Yillik Rapor",,
"Show editor","Gosteri Editoru",,
"Shoes no","Ayakkabi Hayir",,
"Sex","Seks",,
"Set users to be reminded","Kullanicilari Hatirlatmaya Ayarlayin",,
"Sequence","Sekans",,
"Sent Leave Request Template","Gonderilen izin istegi sablonu",,
"Sent Expense Template","Gonderilen Gider sablonu",,
"Sent Date","Gonderilme Tarihi",,
"Seniority leave management page","Kidem izni Yonetim Sayfasi",,
"Seniority leave management batch","Kidem izni Yonetimi Parti",,
"Seniority leave Management","Kidem izni Yonetimi",,
"Seniority date","Kidem Tarihi",,
"Send reminder","Hatirlaticiyi Gonder",,
"Send Expenses","Masraflari Gonder",,
"Send Email","Eposta Gonder",,
"Send","Gondermek",,
"Select users","Kullanicilari Secin",,
"Select the timesheet you want to edit","Duzenlemek istediginiz Zaman cizelgesini Secin",,
"Select the leave request you want to edit","Duzenlemek istediginiz izin istegini Secin",,
"Select the extra hours you want to edit","Duzenlemek istediginiz Ekstra Saatleri Secin",,
"Select the expense you want to edit","Duzenlemek istediginiz Masrafi Secin",,
"Select lines to remove","Kaldirma icin Satirlari Secin",,
"Select extra hours","Ekstra Saatler Secin",,
"Select Timesheet","Zaman cizelgesini Secin",,
"Select Leave Request","Birak istegi Secin",,
"Select Expense","Gider Secin",,
"See timesheet lines","Zaman cizelgesine Bakin",,
"Second Bank details","ikinci Banka Detaylari",,
"School / University","Okul / universite",,
"Saturday","Cumartesi",,
"Sales","Satis",,
"Sale","Satis",,
"Salary change","Maas Degisikligi",,
"SMIC value","Smic Degeri",,
"SILAE","Sila",,
"Round trip","Gidis",,
"Return to draft status","Taslak Duruma Donus",,
"Resume","Surdurmek",,
"Residence permit Type","Konut izni Turu",,
"Residence permit Series Type","Konut izni Serisi Tipi",,
"Residence permit Series No","Konut izni Serisi Hayir",,
"Residence permit","Oturma izni",,
"Requested lunch vouchers on the period","Donemde ogle Yemegi Kuponlari",,
"Requested amount","Talep Edilen Miktar",,
"Requested","Talep Edilen",,
"Request extra hours","Ekstra Saatler isteyin",,
"Request date","istek Tarihi",,
"Reports","Raporlar",,
"Reportings","Raporlar",,
"Reopen period","Yeniden Acma Donemi",,
"Reminder","Hatirlatma",,
"Remaining amount","Kalan Miktar",,
"Remaining","Geriye Kalan",,
"Relationship","iliski",,
"RejectionReason.name","Redibingrears.Name",,
"Reimbursed","Geri odenmis",,
"Registration number","Kayit Numarasi",,
"Registration code","Tescil Kodu",,
"Registration certificate","Kayit Belgesi",,
"Register payment","odeme Kayit",,
"Refused Timesheet Template","Reddedilen Zaman cizelgesi sablonu",,
"Refused Leave Request Template","Reddedilen izin istegi sablonu",,
"Refused Extra Hours Template","Ekstra Saat sablonu Reddedildi",,
"Refused Expense Template","Reddedilen Gider sablonu",,
"Refused By","Tarafindan Reddedildi",,
"Refused","Reddetti",,
"Refuse","Reddetmek",,
"Refusal Date","Ret Tarihi",,
"Refresh","Yenilemek",,
"Referential date for seniority","Kidem icin Referans Tarihi",,
"Ref.","Ref.",,
"Record date","Kayit Tarihi",,
"Reason for travel","Seyahat Nedeni",,
"Reason","Sebep",,
"Rate","Oran",,
"RVP","Rvp",,
"Quantity to stock","Stok Miktari",,
"Quantity","Miktar",,
"Quantities","Miktarlari",,
"Qualifications","Nitelikler",,
"QualificationLevel.name","Qualificalevel.Name",,
"QualificationLevel.code","Qualificatelevel.Code",,
"Qualification levels","Yeterlilik Seviyeleri",,
"Qualification Level","Kalite Seviyesi",,
"Qualification","Vasif",,
"Qty must be lower than %d.","Miktar %D'Den Daha Dusuk Olmalidir.",,
"Public holidays planning","Resmi Tatil Planlamasi",,
"Public holidays","Resmi Tatil",,
"Public Holiday Planning","Resmi Tatil Planlamasi",,
"Project task","Proje Gorevi",,
"Project planning time lines","Proje Planlama Zaman cizgileri",,
"Project planning time","Proje Planlama Suresi",,
"Project Plannings","Proje Planlamalari",,
"Project Planning time","Proje Planlama Suresi",,
"Project Planning","Proje Planlamasi",,
"Project","Proje",,
"Profit-sharing beneficiary","Kar Paylasimi Yararlanicisi",,
"Products","urun:% S",,
"Product typology","urun Tipolojisi",,
"Product specific attributes","urune ozgu ozellikler",,
"Product sheet","urun Sayfasi",,
"Product expense filters","urun Gider Filtreleri",,
"Product dates","urun Tarihleri",,
"Product Activity","urun Etkinligi",,
"Product Activities","urun Faaliyetleri",,
"ProbationPeriod.minimumDuration","Denetleme Suresi",,
"ProbationPeriod.maximumDuration","Denetleme Suresi",,
"Probation periods","Denetimli Serbestlik Donemleri",,
"Probation period duration","Denetimli Serbestlik Suresi",,
"Probation period","Deneme Suresi",,
"Print contract","Baski Sozlesmesi",,
"Print","Yazdir",,
"Previously hired","onceden ise Alinmis",,
"Presence","Mevcudiyet",,
"Postponement","Erteleme",,
"Position / Salary","Pozisyon / Maas",,
"Position","Durum",,
"Please, select an expense","Lutfen Bir Masraf Secin",,
"Please, select an employment contract template","Lutfen Bir is Sozlesmesi sablonu Secin",,
"Please, provide weeklyPlanning , publicHolidaysPlanning and mainContract information for selected employees","Lutfen, Secilen calisanlar icin Weeklyplanning, Pubicholidaysplanning Ve Ana Montaj Bilgilerini Saglayin",,
"Please, enter the number of daily work hours per employee %s","Lutfen, calisan Basina Gunluk calisma Saatlerinin Sayisini %S Girin",,
"Please, enter an activity for the employee %s","Lutfen, calisan icin Bir Etkinlik Girin",,
"Please, configure the number of daily work hours.","Lutfen Gunluk calisma Saatlerinin Sayisini Yapilandirin.",,
"Please, choose unit in leave reason %s.","Lutfen, Birakma Nedeninde Birimi Secin.",,
"Please, add a public holiday planning for employee : %s","Lutfen, calisan icin Bir Resmi Tatil Planlamasi Ekleyin: %S",,
"Please, add a planning for employee : %s","Lutfen, calisan icin Bir Planlama Ekleyin: %S",,
"Please, add a contract of employment for employee : %s","Lutfen, calisan icin Bir istihdam Sozlesmesi Ekleyin: %S",,
"Please fill the period","Lutfen Donemi Doldurun",,
"Please fill the payment mode.","Lutfen odeme Modunu Doldurun.",,
"Please fill a leave period.","Lutfen Bir izin Suresini Doldurun.",,
"Please fill a company.","Lutfen Bir sirketi Doldurun.",,
"Please create an employee for the user %s","Lutfen Kullanici icin Bir calisan Olusturun",,
"Please configure the validated timehsheet template in HR config for the company %s","Lutfen %S sirket icin ik Confip'Teki Onaylanmis Timesheet sablonunu Yapilandirin",,
"Please configure the validated leave template in HR config for the company %s","Lutfen %S sirket icin ik Confige icinde Onaylanmis izin sablonunu Yapilandirin",,
"Please configure the validated extra hours template in HR config for the company %s","Lutfen sirket icin ik Confip'inde Onaylanmis Ekstra Saat sablonunu Yapilandirin %S",,
"Please configure the validated expense template in HR config for the company %s","Lutfen %S sirket icin ik Yapilandirmasinda Onaylanmis Gider sablonunu Yapilandirin",,
"Please configure the unjustified absence reason in HR config for the company %s","Lutfen sirket icin ik Yapilandirmasinda Haksiz Devamsizlik Nedenini Yapilandirin %S",,
"Please configure the unit for this type of absence","Lutfen uniteyi Bu Tur Bir Yokluk icin Yapilandirin",,
"Please configure the template for email reminder","Lutfen E -Posta Hatirlaticisi icin sablonu Yapilandirin",,
"Please configure the sent timehsheet template in HR config for the company %s","Lutfen Gonderilen Timehsheet sablonunu sirket icin ik Confip'inde Yapilandirin %S",,
"Please configure the sent leave template in HR config for the company %s","Lutfen Gonderilen izin sablonunu sirket icin ik Yapilandirmasinda Yapilandirin %S",,
"Please configure the sent extra hours template in HR config for the company %s","Lutfen Gonderilen Ekstra Saat sablonunu sirket icin ik Yapilandirmasinda Yapilandirin %S",,
"Please configure the sent expense template in HR config for the company %s","Lutfen Gonderilen Gider sablonunu sirket icin ik Confip'inde Yapilandirin %S",,
"Please configure the refused timehsheet template in HR config for the company %s","Lutfen Reddedilen Timehsheet sablonunu Hr Confige'Da sirket icin Yapilandirin %S",,
"Please configure the refused leave template in HR config for the company %s","Lutfen Reddedilen Ayrilma sablonunu sirket icin ik Confip'inde Yapilandirin %S",,
"Please configure the refused extra hours template in HR config for the company %s","Lutfen Reddedilen Ekstra Saatler sablonunu sirket icin ik Confip'inde Yapilandirin %S",,
"Please configure the refused expense template in HR config for the company %s","Lutfen Reddedilen Gider sablonunu sirket icin ik Confip'inde Yapilandirin %S",,
"Please configure the lunch voucher export path in HR config for the company %s","Lutfen sirket icin ik Yapilandirmasinda ogle Yemegi Kuponu Disa Aktarma Yolunu Yapilandirin %S",,
"Please configure the expense type for kilometric allowance in HR config for the company %s","Lutfen sirket %S icin ik Yapilandirmasinda Kilometrik odenek icin Gider Turunu Yapilandirin",,
"Please configure the canceled timehsheet template in HR config for the company %s","Lutfen iptal Edilen Timehsheet sablonunu sirket icin ik Yapilandirmasinda Yapilandirin %S",,
"Please configure the canceled leave template in HR config for the company %s","Lutfen iptal Edilen izin sablonunu sirket icin ik Yapilandirmasinda Yapilandirin %S",,
"Please configure the canceled extra hours template in HR config for the company %s","Lutfen sirket icin ik Yapilandirma sablonunu Hr Yapilandirmasini Yapilandirin %S",,
"Please configure the canceled expense template in HR config for the company %s","Lutfen sirket icin ik Yapilandirmasinda iptal Edilen Gider sablonunu Yapilandirin %S",,
"Please configure information for human resources for the company %s","Lutfen sirket icin insan Kaynaklari icin Bilgi Yapilandirin %S",,
"Please configure Formula Variables for human resource for the company %s","Lutfen sirket icin insan Kaynagi icin Formul Degiskenlerini Yapilandirin %S",,
"Please add an end date for generation","Lutfen Nesil icin Bir Bitis Tarihi Ekleyin",,
"Please add an employee's public holiday events planning related to user %s","Lutfen Kullanici %S ile ilgili Bir calisanin Resmi Tatil Etkinlikleri Planlamasi Ekleyin",,
"Please add an employee's planning related to user %s","Lutfen Kullanici %S ile ilgili Bir calisanin Planlamasi Ekleyin",,
"Please add a start date for generation","Lutfen Nesil icin Bir Baslangic ??Tarihi Ekleyin",,
"Please add a product","Lutfen Bir urun Ekleyin",,
"Plate Number","Plaka Numarasi",,
"Plannings","Planlar",,
"Planning line cannot be in two different days","Planlama Hatti iki Farkli Gun icinde Olamaz",,
"Planned time","Planlanan Zaman",,
"Planned hours","Planlanan Saatler",,
"Planned Time Planning","Planli Zaman Planlamasi",,
"Place of Birth","Dogum Yeri",,
"Phonebook.employeePhonebook","Phonebook.Employeephonebook",,
"Phone at the customer","Musteriye Telefon",,
"Phone","Telefon",,
"Personal information","Kisisel Bilgi",,
"Personal expense amount","Kisisel Gider Tutari",,
"Personal expense","Kisisel Masraflar",,
"Personal Tax no","Kisisel Vergi Hayir",,
"Permanent","Kalici",,
"Periods generation assistant","Donem Nesil Asistani",,
"Period is closed","Donem Kapali",,
"Period","Donem",,
"Payroll years","Bordro Yillari",,
"Payroll year","Bordro Yili",,
"Payroll preparations successfully generated : %s","Bordro Hazirliklari Basariyla uretildi: %S",,
"Payroll preparations failed to be generated due to missing data : %s","Eksik Veri Nedeniyle Bordro Hazirliklari uretilmedi: %S",,
"Payroll preparations failed to be generated due to a duplicate one : %s","Bordro Hazirliklari Yinelenen Bir Durum Nedeniyle uretilmedi: %S",,
"Payroll preparations exported : %s","Bordro Hazirliklari ihrac Edildi: %S",,
"Payroll preparations attempted to be generated : %s","Bordro Hazirliklari Olusturulmaya calisildi: %S",,
"Payroll preparations","Bordro Hazirliklari",,
"Payroll preparation generation page","Bordro Hazirlik uretim Sayfasi",,
"Payroll preparation generation batch","Bordro Hazirlik uretimi Parti",,
"Payroll preparation generation","Bordro Hazirlik uretimi",,
"Payroll preparation filters","Bordro Hazirlik Filtreleri",,
"Payroll preparation export page","Bordro Hazirlik ihracat Sayfasi",,
"Payroll preparation export batch","Bordro Hazirlik ihracat Parti",,
"Payroll preparation export","Bordro Hazirlama ihracati",,
"Payroll preparation","Bordro Hazirligi",,
"Payroll periods","Bordro Donemleri",,
"Payroll Year","Bordro Yili",,
"Payroll Preparations","Bordro Hazirliklari",,
"Payroll Preparation","Bordro Hazirligi",,
"Payroll Leaves","Bordro Yapraklari",,
"Payroll Leave","Bordro izni",,
"Payment move","odeme Hareketi",,
"Payment mode","odeme sekli",,
"Payment information","odeme Bilgileri",,
"Payment amount","odeme Miktari",,
"Payment Status","odeme Durumu",,
"Payment Date","odeme Tarihi",,
"Payment","odeme",,
"Pay period","odeme Periyodu",,
"Pay company main employment contract","Pay Company Ana is Sozlesmesi",,
"Pay Grid","ucret izgarasi",,
"Pay Company","ucret sirketi",,
"Pause","Duraklat",,
"Passport no","Pasaport Numarasi",,
"Passport Details","Pasaport Detaylari",,
"Paper format","Kagit Formati",,
"PRENOM","Prenom",,
"Overview","Genel Bakis",,
"Overseas","Denizasiri",,
"Others","Digerleri",,
"Other Info","Diger Bilgiler",,
"Other","Baska",,
"Organization","Organizasyon",,
"Open Street Maps error: %s","Acik Sokak Haritalari Hatasi: %S",,
"Only missing","Sadece Kayip",,
"One-way","Tek Yon",,
"Old value","Eski Deger",,
"Old code","Eski Kod",,
"Occasional","Ara Sira",,
"OTHER","Baska",,
"OK","Tamam",,
"O+","O+",,
"O","o",,
"Number of lunch vouchers","ogle Yemegi Kuponlarinin Sayisi",,
"Number of days worked","calisilan Gun Sayisi",,
"Number of days overseas","Yurtdisindaki Gun Sayisi",,
"Number of days before reminder","Hatirlatmadan onceki Gun Sayisi",,
"Number of days","Gun Sayisi",,
"Number of canteen entries","Kantin Girislerinin Sayisi",,
"Notes","Notalar",,
"Not invoiced","Faturalandirilmamis",,
"Not Done","Bitmis Degil",,
"None","Hicbiri",,
"Non-Executive","icraci Olmayan",,
"No user found","Kullanici Bulunamadi",,
"No timesheet to be validated by your subordinates","Astlariniz Tarafindan Dogrulanacak Zaman cizelgesi Yok",,
"No timesheet line has been created because the duration is less than 1 minute","Sure 1 Dakikadan Az Oldugu icin Zaman cizelgesi Hatti Olusturulmadi",,
"No time sheet found for employee %s","calisan %S icin Zaman Sayfasi Bulunamadi",,
"No such place exists","Boyle Bir Yer Yok",,
"No longer used","Artik Kullanilmiyor",,
"No extra hours to be validated by your subordinates","Astlariniz Tarafindan Dogrulanacak Fazladan Saat Yok",,
"No expense to be validated by your subordinates","Astlariniz Tarafindan Dogrulanacak Masraf Yok",,
"No Tax for the product %s","urun icin Vergi Yok %S",,
"No Route Found","Rota Bulunamadi",,
"No Leave Request to be validated by your subordinates","Astlariniz Tarafindan Dogrulanacak izin istegi Yok",,
"No","Numara",,
"Nibelis","Nibelis",,
"New project line","Yeni Proje Hatti",,
"New employees","Yeni calisanlar",,
"New employee","Yeni calisan",,
"New","Yeni",,
"Net salary","Net Maas",,
"Need validation","Dogrulamaya ihtiyacim Var",,
"Nbr lunch vouchers","Nbr ogle Yemegi Kuponlari",,
"Nationalty","Milliyet",,
"Name for working day variable","is Gunu Degiskeni icin isim",,
"Name for total working day in a period variable","Bir Donem Degiskeninde Toplam calisma Gununun Adi",,
"Name for seniority variable","Kidem Degiskeni icin isim",,
"Name for age variable","Yas Degiskeni icin isim",,
"Name","isim",,
"NUMERO INSEE","Numero insee",,
"NOM MARITAL","Nom Evlilik",,
"NOM DE JEUNE FILLE","Nom De Jeune Fille",,
"NOM","Nom",,
"My timesheets","Zaman cizelgelerim",,
"My timesheet","Zaman cizelgem",,
"My leave requests","izin Taleplerim",,
"My leave request","izin Talebim",,
"My extra hours","Ekstra Saatlerim",,
"My expenses","Harcamalarim",,
"My expense","Benim Masrafim",,
"My Timesheets","Zaman cizelgelerim",,
"My Leave Requests","izin Taleplerim",,
"My Extra Hours","Ekstra Saatlerim",,
"My Expenses","Harcamalarim",,
"Multiple users expenses","Birden Fazla Kullanici Masrafi",,
"Multiple users","Birden Fazla Kullanici",,
"Move already used, you must unreconcile it first","Zaten Kullanilmis Hareket Et, once Onu cikarmalisin",,
"Move Date","Hareket Tarihi",,
"Move","Hareket",,
"Morning","Sabah",,
"Monthly global cost","Aylik Kuresel Maliyet",,
"Monday","Pazartesi",,
"Mobile phone","Cep Telefonu",,
"Missing hours","Eksik Saatler",,
"Miscellaneous Amendment","cesitli Degisiklik",,
"Minutes","Dakikalar",,
"Minimum stock of lunch vouchers will be reached for the company %s. Minimum Stock allowed : %s. Available Stock : %s","sirket icin Asgari ogle Yemegi Kuponlarina Ulasilacaktir. izin Verilen Asgari Stok: %S. Stokta Mevcut",,
"Minimum Stock of Lunch Vouchers","Minimum ogle Yemegi Kuponlari Stogu",,
"Minimum Condition","Minimum Durum",,
"Min monthly remuneration","Min Aylik ucret",,
"Military Status","Askeri Statu",,
"Migration Card Start","Goc Karti Baslangic",,
"Migration Card Serial","Tasima Karti Seri",,
"Migration Card Officer code","Goc Karti Memur Kodu",,
"Migration Card No","Goc Karti No",,
"Migration Card Finish","Goc Karti Kaplamasi",,
"Migration Card","Goc Karti",,
"Messages","Mesaj",,
"Maximum value for hours exceeded (configure daily work hours in employee)","Saatler icin Maksimum Deger Asildi (calisanda Gunluk calisma Saatlerini Yapilandirin)",,
"Maximum Condition","Maksimum Durum",,
"Mass export list","Kitle ihracat Listesi",,
"Married","Evli",,
"Marital status","Medeni Hal",,
"Marital name","Evlilik Adi",,
"Manager","Mudur",,
"Manage Accumulation","Birikimi Yonetin",,
"Man","Erkek Adam",,
"Main employment contract status","Ana istihdam Sozlesmesi Durumu",,
"Main employment contract","Ana is Sozlesmesi",,
"Main activity code","Ana Etkinlik Kodu",,
"Main","Ana",,
"Maiden name","Kizlik Soyadi",,
"MATRICULE","Matrisul",,
"M","M",,
"LunchVoucherCommand","ogle Yemegivouchercommand",,
"LunchVoucher.total","Lunchvoucher.Total",,
"LunchVoucher.to","ogle Yemegivoucher.To",,
"LunchVoucher.subtotal","ogle Yemegivoucher.Subtotal",,
"LunchVoucher.signatureDocument","ogle Yemegivoucher.Signaturedocument",,
"LunchVoucher.signature","ogle Yemegivoucher.Sigature",,
"LunchVoucher.qty","Lunchvoucher.Qty",,
"LunchVoucher.names","ogle Yemegivoucher.Names",,
"LunchVoucher.month","Lunchvoucher.Month",,
"LunchVoucher.lvFrom","ogle Yemegivoucher.Lvfrom",,
"LunchVoucher.leavesFrom","ogle Yemegivoucher.Leavesfrom",,
"LunchVoucher.handedOn","Lunchvoucher.Hedton",,
"LunchVoucher.employerShare","ogle Yemegivoucher.Employershare",,
"LunchVoucher.employeeShare","ogle Yemegivoucher.Employeeshare",,
"LunchVoucher.comment","ogle Yemegivoucher.Comment",,
"LunchVoucher.amount","ogle Yemegivoucher.Amount",,
"Lunch vouchers' number","ogle Yemegi Kuponlari Numarasi",,
"Lunch vouchers used","ogle Yemegi Kuponlari Kullanilir",,
"Lunch vouchers distributed","ogle Yemegi Kuponlari Dagitilmis",,
"Lunch vouchers","ogle Yemegi Kuponlari",,
"Lunch voucher supplier","ogle Yemegi Kuponu Tedarikcisi",,
"Lunch voucher management filters","ogle Yemegi Yonetimi Filtreleri",,
"Lunch voucher advances","ogle Yemegi Kuponu Gelisir",,
"Lunch voucher advance","ogle Yemegi Kuponu ilerlemesi",,
"Lunch Vouchers","ogle Yemegi Kuponlari",,
"Lunch Voucher's number","ogle Yemegi Kuponunun Numarasi",,
"Lunch Voucher format","ogle Yemegi Kuponu Formati",,
"Lunch Voucher Wage Share","ogle Yemegi ucret Paylasimi",,
"Lunch Voucher Management","ogle Yemegi Yonetimi",,
"Lunch Voucher Lines","ogle Yemegi cizgileri",,
"Lunch Voucher Line","ogle Yemegi cizgisi",,
"Lunch Voucher Format","ogle Yemegi Kuponu Formati",,
"Lunch Voucher Employer's Share","ogle Kuponu isveren Paylasimi",,
"Lunch Voucher","ogle Yemegi Kuponu",,
"Login","Giris Yapmak",,
"Logged Time","Kayitli Zaman",,
"Log time","Kutuk",,
"Log Times","Kutuk",,
"Log Time","Kutuk",,
"List of employees","calisanlar Listesi",,
"Lines Generation Wizard","Hatlar Nesil Sihirbazi",,
"Line will be attached to a subsequent timesheet","Bir Sonraki Zaman cizelgesine Satir Eklenecek",,
"Level","Seviyesi",,
"Leaving date","Ayrilma Tarihi",,
"Leaves to be Validated by your subordinates","Astlariniz Tarafindan Dogrulanacak Yapraklar",,
"Leaves calendar","Takvimi Birakir",,
"Leaves and timesheets","Yapraklar Ve Zaman cizelgeleri",,
"Leaves Templates","sablonlar Birakir",,
"Leaves Management","Yaprak Yonetimi",,
"Leaves","Yapraklar",,
"LeaveRequest","Leaveridequest",,
"Leave to justify","Hakli cikarmak",,
"Leave request filters","Talep Filtrelerini Birakin",,
"Leave request","Birakma Talebi",,
"Leave reason and day number have to be defined","Sebep Ve Gunluk Numaranin Tanimlanmasi Gerekir",,
"Leave reason","Neden Olmak",,
"Leave period","Ayrilma Donemi",,
"Leave management batch rule list","Yonetim Toplu Kural Listesi'Nden Birakin",,
"Leave management batch","Management Batch Birakin",,
"Leave management","Ayrilma Yonetimi",,
"Leave line","Terk Etmek",,
"Leave days' number","Gunlerin Numarasi Birakin",,
"Leave day number","Gun Numarasi Birakin",,
"Leave counter reset","Sayaci Sifirla Birakin",,
"Leave accounts","Hesap Birak",,
"Leave Requests to Validate","Dogrulamak icin istekleri Birakin",,
"Leave Requests","Talep Talepleri",,
"Leave Request Notification Mail","Talep Bildirimi Postasi Birakin",,
"Leave Request","Birakma Talebi",,
"Leave Reason for Leave to justify","Hakli cikarmak icin izin Nedeni",,
"Leave Reason","Neden Olmak",,
"Leave Per Employee","calisan Basina Ayrilma",,
"Leave Management Reset","Ayrilma Yonetimi Sifirlama",,
"Leave Management Batch Rule","Yonetim Toplu Kuralini Birakin",,
"Leave Management","Ayrilma Yonetimi",,
"Leave List","Ayrilma Listesi",,
"Leave Batch rules","Parti Kurallarini Birakin",,
"Last name","Soyadi",,
"Label","Etiket",,
"LIEU","Yalanci",,
"Kronik hastalik","Kronik Hastalik",,
"Knowledge of foreign languages","Yabanci Diller Bilgisi",,
"Kilometrice log","Kilometri Gunlugu",,
"Kilometrice Allowance Params","Kilometrie odenek Paramleri",,
"Kilometrice Allowance Param","Kilometrie odenegi Param",,
"Kilometric log list","Kilometrik Gunluk Listesi",,
"Kilometric log","Kilometrik Kutuk",,
"Kilometric lines","Kilometrik cizgiler",,
"Kilometric expense product","Kilometrik Gider urunu",,
"Kilometric allowance rules","Kilometrik odenek Kurallari",,
"Kilometric allowance rule list","Kilometrik odenek Kural Listesi",,
"Kilometric allowance rule","Kilometrik odenek Kurali",,
"Kilometric allowance rates","Kilometrik odenek Oranlari",,
"Kilometric allowance rate","Kilometrik odenek Orani",,
"Kilometric allowance list","Kilometrik odenek Listesi",,
"Kilometric Allowances","Kilometrik odenekler",,
"Kilometric Allowance Params","Kilometrik odenek Paramleri",,
"Kilometric Allowance Param","Kilometrik odenek Param",,
"Kilometric Allowance","Kilometrik odenek",,
"Keep Project for Start&Stop Timer","Baslat Ve Durdur Zamanlayici icin Projeyi Tutun",,
"Kan Grubu","Kan Grubu",,
"K.A.P.","K.A.P.",,
"Justification","Mesrulastirma",,
"Issuing authority","Duzenleyen Yetkili Makam",,
"Invoicing Type for Log Times","Gunluk Sureleri icin Faturalandirma Turu",,
"Invoiced","Faturalanmis",,
"Invitation No","Davet Hayir",,
"Invitation","Davet",,
"Invalid duration (must be a 0.5's multiple)","Gecersiz Sure (0,5'Ler Olmasi Gerekir)",,
"Invalid dates","Gecersiz Tarihler",,
"Invalid date, it can't be in the future","Gecersiz Tarih, Gelecekte Olamaz",,
"Invalid date periods","Gecersiz Tarih Donemleri",,
"Invalid date","Gecersiz Tarih",,
"Internal description","Dahili Aciklama",,
"Instruction","Talimat",,
"Inject/Consume","Enjekte/Tuket",,
"Inject","Enjekte Etmek",,
"Information","Bilgi",,
"Info","Bilgi",,
"Increase %","Arttirmak %",,
"Include in turnover forecast","Ciro Tahminine Ekle",,
"Inactive","Aktif Olmayan",,
"In advance","onceden",,
"In Trial","Yargilamada",,
"Imposed holidays planning","Empoze Edilen Tatil Planlamasi",,
"Human resource configurations","insan Kaynaklari Yapilandirmalari",,
"Human Resources configurations","insan Kaynaklari Yapilandirmalari",,
"Human Resources configuration","insan Kaynaklari Yapilandirmasi",,
"Human Resources User","insan Kaynaklari Kullanicisi",,
"Human Resources Manager","insan Kaynaklari Yoneticisi",,
"Human Resource config (${ name })","insan Kaynaklari Yapilandirmasi ($ {Name})",,
"Human Resource Manager","insan Kaynaklari Muduru",,
"HrConfig","Hrconfig",,
"Hr config","ik Yapilandirma",,
"Hr batch","ik Parti",,
"Hours distribution","Saat Dagilimi",,
"Hours","Saat",,
"Hourly rate","Saatlik ucret",,
"Hourly gross salary","Saatlik Brut Maas",,
"Hourly complement","Saatlik Tamamlayici",,
"Home Telephone No","Ana Sayfa Telefon Hayir",,
"Home Address","Ev Adresi",,
"Holiday","Tatil",,
"Historic team timesheets","Tarihi Takim Zaman cizelgeleri",,
"Historic team leave requests","Tarihi Team Talepler Talepleri",,
"Historic team Expenses","Tarihi Takim Masraflari",,
"Historic extra hours","Tarihi Ekstra Saatler",,
"Historic colleague extra hours","Tarihi Meslektasi Ekstra Saatler",,
"Historic colleague Timesheets","Tarihi Meslektaslari Zaman cizelgeleri",,
"Historic colleague Expenses","Tarihi Meslektas Giderleri",,
"Health service address","Saglik Hizmeti Adresi",,
"Health service","Saglik Hizmeti",,
"Health mutual rejection reasons","Saglik Karsilikli Reddetme Sebepleri",,
"Health mutual rejection reason","Saglik Karsilikli Reddetme Nedeni",,
"Health mutual","Saglik Karsilikli",,
"Health","Saglik",,
"Hardship allowance","Zorluk ikramiyesi",,
"HR manager","ik Yoneticisi",,
"HR information","ik Bilgileri",,
"HR config","ik Yapilandirma",,
"HR batches","ik Partileri",,
"HR batch filters","ik Parti Filtreleri",,
"HR Batch","ik Parti",,
"HR","ik",,
"Ground for refusal","Reddetme Zemini",,
"Ground For Refusal","Reddetme Zemini",,
"Google Maps error: %s","Google Haritalar Hatasi: %S",,
"Given to Employee","calisan'A Verildi",,
"Given lunch vouchers on the period","Donemde ogle Yemegi Kuponlari Verildi",,
"Given","Verilen",,
"Generate periods","Donemler Olusturmak",,
"Generate payroll prepa.","Bordro Prepa uretin.",,
"Generate new DPAE","Yeni Dpae uretin",,
"Generate lines","cizgiler Olusturun",,
"Generate human resource configurations","insan Kaynaklari Yapilandirmalari Olusturun",,
"Generate Lines automatically","Otomatik Olarak Satirlar uretin",,
"Generate Lines From Expected Planning","Beklenen Planlamadan Satirlar Olusturun",,
"General expenses","Genel Giderler",,
"General expense lines","Genel Gider Hatlari",,
"General Expenses","Genel Giderler",,
"General Expense","Genel Masraf",,
"General","Genel",,
"Fullscreen Editor","Tam Ekranli Editor",,
"Full name","Ad Soyad",,
"From generation date","Nesil Tarihinden itibaren",,
"From date can't be empty","Tarihten itibaren Bos Olamaz",,
"From date","itibaren",,
"From Date","itibaren",,
"From","itibaren",,
"Friday","Cuma",,
"Formula variables configuration","Formul Degiskenleri Yapilandirmasi",,
"Formula","Formul",,
"Former employees","Eski calisanlar",,
"Former employee","Eski calisan",,
"For foreign-born employees, please enter the code 99","Yabanci Dogumlu calisanlar icin Lutfen 99 Kodunu Girin",,
"Follow-up","Takip Et",,
"Fiscal year","Mali Yil",,
"Fiscal periods","Mali Donemler",,
"First name","ilk Adi",,
"First Name","ilk Adi",,
"Finished","Bitmis",,
"Finish","Bitis",,
"Files","Dosyalar",,
"File types","Dosya Turleri",,
"File type","Dosya Tipi",,
"File","Dosya",,
"Father Name","Baba Adi",,
"Faculty","Fakulte",,
"FMS serial","Fms Seri",,
"FMS No","Fms Hayir",,
"F","F",,
"ExtraHours","Ekstra Saatler",,
"Extra hours' number","Ekstra Saat 'Numarasi",,
"Extra hours type","Ekstra Saat Turu",,
"Extra hours to validate","Dogrulamak icin Ekstra Saatler",,
"Extra hours to be Validated by your subordinates","Astlariniz Tarafindan Dogrulanacak Ekstra Saatler",,
"Extra hours to Validate","Dogrulamak icin Ekstra Saatler",,
"Extra hours filters","Ekstra Saat Filtreleri",,
"Extra hours","Ekstra Saatler",,
"Extra Hours Templates","Ekstra Saat sablonlari",,
"Extra Hours Notification Mail","Ekstra Saat Bildirim Postasi",,
"Extra Hours","Ekstra Saatler",,
"External","Harici",,
"Extension and Miscellaneous Amendment","Uzatma Ve cesitli Degisiklik",,
"Extension Amendment","Uzatma Degisikligi",,
"Exports","ihracat",,
"Exported","ihrac Edilen",,
"Export type","ihracat Turu",,
"Export payroll preparation","ihracat Bordro Hazirligi",,
"Export for payroll preparation","Bordro Hazirligi icin ihracat",,
"Export employment contract","ihracat is Sozlesmesi",,
"Export des salari�s","ihracat Des Salari�s",,
"Export date","ihracat Tarihi",,
"Export code for lunch voucher management","ogle Yemegi Kuponu Yonetimi icin Disa Aktarma Kodu",,
"Export code for extra hour management","Ekstra Saat Yonetimi icin Disa Aktarma Kodu",,
"Export code for duration","Sure Disa Aktarma Kodu",,
"Export code","Disa Aktarma Kodu",,
"Export CSV","Csv ihrac Etmek",,
"Export","ihracat",,
"Expiry date of the validity period","Gecerlilik Suresinin Sona Erme Tarihi",,
"Expiration date","Son Kullanma Tarihi",,
"Experience duration","Deneyim Suresi",,
"Expenses to be Validated by your subordinates","Astlariniz Tarafindan Dogrulanacak Masraflar",,
"Expenses to Ventilate","Havalandirma Giderleri",,
"Expenses to Validate","Dogrulama Masraflari",,
"Expenses amount to pay","Masraflar odenecek Tutar",,
"Expenses","Masraflar",,
"ExpenseLine.yes","Expenseen.Yes",,
"ExpenseLine.untaxedAmount","Expensenine.Unkaxedamount",,
"ExpenseLine.totalTax","Exebeter.Totaltax",,
"ExpenseLine.toInvoice","Exebeline.Toinvoice",,
"ExpenseLine.project","Expenseeline.Project",,
"ExpenseLine.no","Expenseeline.No",,
"ExpenseLine.kilometricExpenseType","Exeneline.Kilometricexpensetype",,
"ExpenseLine.kilometricAllowParam","Expenseen.Kilometricallowparam",,
"ExpenseLine.expenseType","Exeneline.Expensetype",,
"ExpenseLine.expenseDate","Exebline.Expensedate",,
"ExpenseLine.distance","Expenseeline.Distance",,
"ExpenseLine.client","Expenseeline.Client",,
"ExpenseLine.cityTo","Expenseent.Cityto",,
"ExpenseLine.cityFrom","Expenseeline.Cityfrom",,
"ExpenseLine.amount","Expenseeline.Amount",,
"Expense.withdrawnCash","Gider. Withdrawncash",,
"Expense.totalToRefund","Masraf.Totaltorefund",,
"Expense.totalAmount","Masraf.",,
"Expense.totalA.T.I","Masser.Totala.T.i",,
"Expense.total","Masraf.Total",,
"Expense.personalExpenseAmount","Masraf.Personalexpenseamount",,
"Expense.period","Masraf.",,
"Expense.multipleUsers","Masraf.Multipleusers",,
"Expense.expenseOf","Masraf.Expenseof",,
"Expense.expenseDate","Masraf.Spensedate",,
"Expense.employerSignature","Expens.Employersignature",,
"Expense.employeeSignature","Expens.Employeesignature",,
"Expense.employeeName","Exerse.Employeename",,
"Expense.currency","Masraf",,
"Expense.companyCbSelect","E -Exense.Companycbselect",,
"Expense.comments","Exers.Comments",,
"Expense.advanceAmount","Masraf.Advanceamount",,
"Expense types","Gider Turleri",,
"Expense type","Gider Turu",,
"Expense tax account","Gider Vergisi Hesabi",,
"Expense paid with company's credit card","sirketin Kredi Karti ile odenen Gider",,
"Expense lines","Masraf Hatlari",,
"Expense line","Masraf Hatti",,
"Expense filters","Gider Filtreleri",,
"Expense date","Gider Tarihi",,
"Expense Type","Gider Turu",,
"Expense Templates","Gider sablonlari",,
"Expense Sequence","Gider Dizisi",,
"Expense Per Employee","calisan Basina Gider",,
"Expense N�","Gider N �",,
"Expense Notification Mail","Gider Bildirim Postasi",,
"Expense Journal","Gider Dergisi",,
"Expense","Masraf",,
"Executive status","Yonetici Statusu",,
"Executive Status","Yonetici Statusu",,
"Executive","Yonetici",,
"Exclude timesheet editor","Zaman cizelgesi Duzenleyicisi'Ni Haric Tutun",,
"Event","Etkinlik",,
"Establishment of the employer","isverenin Kurulmasi",,
"Entry","Giris",,
"End time","Bitis Zamani",,
"End of the week","Haftanin Sonu",,
"End of month","Ayin Sonu",,
"End of contract reasons","Sozlesme Nedenlerinin Sonu",,
"End of contract reason","Sozlesme Sonu Sebep",,
"End of contract","Sozlesmenin Sonu",,
"End date of hire","Kiralik Bitis Tarihi",,
"End date","Bitis Tarihi",,
"End On","Bitmek",,
"End Date","Bitis Tarihi",,
"Enable editor","Editor Etkinlestir",,
"Enable activity","Etkinligi Etkinlestir",,
"Enable DPAE","Dpae'Yi Etkinlestir",,
"Employments","istihdam",,
"EmploymentContractType.name","istihdamcorcttype.Name",,
"EmploymentContractType.description","istihdamcorcttype.Description",,
"EmploymentContractSubType.description","istihdam Contrectsubtype.Description",,
"EmploymentAmendmentType.name","istihdam",,
"EmploymentAmendmentType.endDate","istihdam",,
"EmploymentAmendmentType.companies","istihdam",,
"Employment.name","istihdam.Name",,
"Employment contracts/Contract amendments","is Sozlesmeleri/Sozlesme Degisiklikleri",,
"Employment contracts exported : %s","ihrac Edilen istihdam Sozlesmeleri: %S",,
"Employment contracts","is Sozlesmeleri",,
"Employment contract types","is Sozlesmesi Turleri",,
"Employment contract type","is Sozlesmesi Turu",,
"Employment contract templates","is Sozlesmesi sablonlari",,
"Employment contract template","is Sozlesmesi sablonu",,
"Employment contract export batch","istihdam Sozlesmesi ihracat Partisi",,
"Employment contract","is Sozlesmesi",,
"Employment Contracts","is Sozlesmeleri",,
"Employment Contract Templates","is Sozlesmesi sablonlari",,
"Employment","is",,
"Employees' other costs","calisanlarin Diger Maliyetleri",,
"Employees' leaves successfully computed : %s","calisanlar Basarili Bir sekilde Hesaplandi: %S",,
"Employees' leaves failed to be computed due to missing data : %s","Eksik Veriler Nedeniyle calisanlarin Yapraklari Hesaplanamadi: %S",,
"Employees' leaves failed to be computed due to configuration anomaly : %s","calisanlarin Yapraklari Konfigurasyon Nedeniyle Hesaplanamadi Anomali: %S",,
"Employees' leaves attempted to be computed : %s","calisanlarin Yapraklari Hesaplanmaya calisti: %S",,
"Employees management","calisanlar Yonetimi",,
"Employees failed to be computed due to anomaly: %d","calisanlar Anomali Nedeniyle Hesaplanamadi: %D",,
"Employees computed: %d","Hesaplanan calisanlar: %D",,
"Employees Management","calisanlar Yonetimi",,
"Employees","calisanlar",,
"EmployeeTimesheet.weekTotal","Workeetimesheet.Weektotal",,
"EmployeeTimesheet.user","calisan",,
"EmployeeTimesheet.toDate","Storkeetimesheet.Todate",,
"EmployeeTimesheet.fromDate","Storkeetimesheet.Fromdate",,
"Employee.weeklyWork","calisan.",,
"Employee.startDate","calisan.Startdate",,
"Employee.resume","calisan.Resume",,
"Employee.positionList","calisan.Positionlist",,
"Employee.position","calisan.",,
"Employee.phoneAtCustomer","calisan.Phoneatcustomer",,
"Employee.personalInformations","calisan.",,
"Employee.martialStatus","calisan.Martialstatus",,
"Employee.entryDate","calisan.Entrydate",,
"Employee.endDate","calisan.Enddate",,
"Employee.emergencyNumber","calisan.Emergencynumber",,
"Employee.emergencyContact","calisan.Emergencycontact",,
"Employee.dob","calisan.Dob",,
"Employee.departureDate","calisan.",,
"Employee.department","calisan.",,
"Employee.dailyWork","calisan.Dailywork",,
"Employee.dailyCost","calisan.Dailycost",,
"Employee.country","calisan.Country",,
"Employee.contractType","calisan. Contracttype",,
"Employee.contract","calisan.",,
"Employee.company","calisan.Company",,
"Employee.annualReportOf","calisan.Annualreportof",,
"Employee's other costs","calisanin Diger Maliyetleri",,
"Employee vehicle list","calisan Arac Listesi",,
"Employee status","calisan Durumu",,
"Employee lastname","calisan Lastname",,
"Employee firstname","calisan Birinci Ad",,
"Employee filters","calisan Filtreleri",,
"Employee bonuses","calisan Bonuslari",,
"Employee bonus type","calisan Bonus Turu",,
"Employee bonus mgt","calisan Bonusu Mgt",,
"Employee bonus management filters","calisan Bonus Yonetim Filtreleri",,
"Employee bonus management","calisan Bonus Yonetimi",,
"Employee bonus amount","calisan Bonus Miktari",,
"Employee bonus","calisan Bonusu",,
"Employee advances","calisan Gelisiyor",,
"Employee advance usage","calisan ilerleme Kullanimi",,
"Employee advance list","calisan Advance Listesi",,
"Employee advance","calisan Avans",,
"Employee PhoneBook","calisan Telefon Defteri",,
"Employee %s is not allowed to take leave in advance.","calisan %S'Nin onceden izin Almasina izin Verilmez.",,
"Employee","calisan",,
"Emergency contact relationship","Acil iletisim iliskisi",,
"Emergency contact","Acil iletisim",,
"Emails","E -Postalar",,
"Email sent to %s","%S'Ye Gonderilen E -Posta",,
"Email sent date","E -Posta Gonderilen Tarih",,
"Email reminder for timesheets","Zaman cizelgeleri icin E -Posta Hatirlaticisi",,
"Email reminder for timesheet filling batch","Zaman cizelgesi Doldurma Parti icin E -Posta Hatirlaticisi",,
"Electronic card","Elektronik Kart",,
"Effective start date","Etkili Baslangic ??Tarihi",,
"Education","Egitim",,
"Editor","Editor",,
"Edit extra hours selected","Ekstra Saatleri Duzenle Secildi",,
"Edit Timesheet Selected","Secilen Zaman cizelgesini Duzenle",,
"Edit Start&Stop Timer On Stop","Stop'Ta Baslat Ve Durdur Zamanlayiciyi Duzenle",,
"Edit Leave Request Selected","Secilen izin istegi Duzenle",,
"Edit Expense Selected","Secilen Gider Duzenle",,
"Early termination","Erken Sonlandirma",,
"ETRANGER","Etrisik",,
"ETAB","Etab",,
"E-mail","E-Posta",,
"E-MAIL","E-Posta",,
"Duration(minutes by day)","Sure (Dakikalarca)",,
"Duration(in day per day)","Sure (Gunde Gun icinde)",,
"Duration(hours by day)","Sure (Saatlerce)",,
"Duration equals 0","Sure Esittir 0",,
"Duration adjust for customer","Musteri icin Sure Ayari",,
"Duration","Sure",,
"DrivingClass","Driveclass",,
"Driving licence","Surucu Ehliyeti",,
"Draft","Taslak",,
"Done","Tamamlandi",,
"Document Authority","Belge Otoritesi",,
"Divorced","Bosanmis",,
"Distribution date","Dagitim Tarihi",,
"Distance travelled","Seyahat Edilen Mesafe",,
"Display timesheet line number","Zaman cizelgesi Satiri Numarasini Goruntule",,
"Display task column in printing","Yazdirmada Gorev Sutunu Goruntuleyin",,
"Display activity column in printing","Yazdirmada Etkinlik Sutunu Goruntuleyin",,
"Details","Detaylar",,
"Description","Tanim",,
"Department of birth","Dogum Departmani",,
"Department","Departman",,
"Default day number gain","Varsayilan Gun Numarasi Kazanci",,
"Default Activity Product","Varsayilan Etkinlik urunu",,
"Deduct lunch voucher","ogle Yemegi Kuponunu Dusurun",,
"Decision date","Karar Gunu",,
"Days validated","Gunler Dogrulandi",,
"Days","Gunler",,
"Day leave","Gun izni",,
"Day","Gun",,
"Dates","Tarih",,
"Date of issue (Residence permit)","Sorun Tarihi (ikamet izni)",,
"Date of issue (Driving licence)","Sorun Tarihi (Surucu Lisansi)",,
"Date of issue","Verilis Tarihi",,
"Date of hire","Kiralama Tarihi",,
"Date of expiry (Residence permit)","Son Kullanma Tarihi (ikamet izni)",,
"Date of expiry (Driving licence)","Son Kullanma Tarihi (Surucu Lisansi)",,
"Date of expiry","Son Kullanma Tarihi",,
"Date of birth","Dogum Tarihi",,
"Date of arrangement","Duzenleme Tarihi",,
"Date of Birth","Dogum Tarihi",,
"Date difference should be maximam 31 days.","Tarih Farki Maksimum 31 Gun Olmalidir.",,
"Date can't be in the future for line(s) : %s","Tarih Gelecekte Satir (Lar) icin Olamaz: %S",,
"Date can't be in the future","Tarih Gelecekte Olamaz",,
"Date","Tarih",,
"Daily work hours","Gunluk calisma Saatleri",,
"Daily cost","Gunluk Maliyet",,
"DPAEs","Dpa'Lar",,
"DPAE filters","Dpae Filtreleri",,
"DPAE","Dpae",,
"DEPT NAISS","Naiss",,
"DATE NAISS","Tarih Naiss",,
"DATE DE SORTIE","Tarih De Sortie",,
"DATE D'ENTREE","Tarih D'Entre",,
"Created on","Onda",,
"Created by","Tarafindan Yaratildi",,
"Create new user","Yeni Kullanici Olustur",,
"Create lines for public holidays","Resmi Tatiller icin Satirlar Olusturun",,
"Create lines for day leaves","Gunluk Yapraklar icin cizgiler Olusturun",,
"Create amendment","Degisiklik Olustur",,
"Create","Olusturmak",,
"Country of birth","Dogdugu ulke",,
"Country","ulke",,
"Counted","Sayilmis",,
"Costs","Maliyet",,
"Conventional Monthly Rate","Geleneksel Aylik Oran",,
"Conventional Hourly Rate","Geleneksel Saatlik ucret",,
"Contrat duration must be > to this duration","Kontrat Suresi Bu Sureye Kadar Olmalidir",,
"Contrat duration must be <= to this duration","Kontrat Suresi <= Bu Sureye Kadar Olmalidir",,
"Contractual information","Sozlesmeye Dayali Bilgiler",,
"Contract types","Sozlesme Turleri",,
"Contract type","Sozlesme Tipi",,
"Contract sub type","Sozlesme Alt Turu",,
"Contract extension","Sozlesme Uzatma",,
"Contract","Sozlesme",,
"Continue","Devam Et",,
"Content","icerik",,
"Contact in case of emergency","Acil Durum Durumunda iletisim",,
"Contact","iletisim",,
"Consume","Tuketmek",,
"Consolidate timesheet line on invoice","Faturadaki Zaman cizelgesini Birlestirin",,
"Confirmed Timesheet Template","Onaylanmis Zaman cizelgesi sablonu",,
"Confirmed Extra Hours Template","Onaylandi Ekstra Saatler sablon",,
"Confirm & Continue","Onay Ve Devam Edin",,
"Confirm","Onaylamak",,
"Configuration","Konfigurasyon",,
"Compute distance with web service","Web Hizmeti ile Mesafeyi Hesaplayin",,
"Compute amounts","Hesaplama Miktarlari",,
"Completed","Tamamlanmis",,
"Complete my leave request","izin Talebimi Tamamlayin",,
"Complete my expense","Masrafimi Tamamla",,
"Complete my Timesheet","Zaman cizelgemi Tamamlayin",,
"Complete","Tamamlamak",,
"Company's credit card","sirketin Kredi Karti",,
"Company tax number","sirket Vergi Numarasi",,
"Company fixed phone","sirket Sabit Telefon",,
"Company department","sirket Departmani",,
"Company credit card details","sirket Kredi Karti Ayrintilari",,
"Company code","sirket Kodu",,
"Company address","sirket Adresi",,
"Company %s does not have any expense's sequence","sirket %S'Nin Herhangi Bir Masraf Dizisi Yok",,
"Company","sirket",,
"Companies","sirket",,
"Comments","Yorumlar",,
"Comment","Yorum",,
"Collective agreements","Toplu Sozlesmeler",,
"Collective agreement","Toplu is Sozlesmesi",,
"Colleague Leave Requests","Meslektasim izin Talepleri",,
"Cohabitee","Kehanet",,
"Coefficient for bonus","Bonus Katsayisi",,
"Coefficient","Katsayi",,
"Code of issuing state","Disa Getirme Kodu",,
"Code","Kodlamak",,
"Closed","Kapali",,
"Close period","Yakin Donem",,
"Class","Sinif",,
"City of birth","Dogum Yeri",,
"City","sehir",,
"Citizenship","Vatandaslik",,
"Choose payment mode","odeme Modunu Secin",,
"Childeren","silderen",,
"Charges and Contributions","ucretler Ve Katkilar",,
"Change of position","Pozisyon Degisikligi",,
"Category","Kategori",,
"Categorization","Kategorizasyon",,
"Catalog","Katalog",,
"Card no","Kart Hayir",,
"Canteen","Kantin",,
"Canceled Timesheet Template","iptal Edilen Zaman cizelgesi sablonu",,
"Canceled Leave Request Template","iptal Edilen izin istegi sablonu",,
"Canceled Extra Hours Template","iptal Edilen Ekstra Saatler sablon",,
"Canceled Expense Template","iptal Edilen Gider sablonu",,
"Canceled","iptal Edildi",,
"Cancel payment","odemeyi iptal Et",,
"Cancel","iptal",,
"Can only be selected by HR Management","Yalnizca ik Yonetimi Tarafindan Secilebilir",,
"Calculated","Hesaplanmis",,
"Calculate","Hesaplamak",,
"CSV","Csv",,
"CSP","Csp",,
"CP","Cp",,
"COMPLEMENT","Tamamlayici",,
"CDD","Cdd",,
"Business Visa","is Vizesi",,
"Building","Bina",,
"Bonuses","Bonus",,
"Bonus type","Bonus Turu",,
"Bonus coefficient","Bonus Katsayisi",,
"Body dimensions","Vucut Boyutlari",,
"Body Mont","Vucut Mont",,
"Block expense tax modification","Blok Gider Vergisi Degisikligi",,
"Birth date","Dogum Gunu",,
"Batchs","Parti",,
"Batches","Grup",,
"Basic information","Temel Bilgi",,
"Base amount per employee","calisan Basina Temel Tutar",,
"Bank name","Banka Adi",,
"Bank Order","Banka Emri",,
"Bank Details","Banka Detaylari",,
"Bank","Banka",,
"B+","B+",,
"B","B",,
"Available quantity (before validation)","Mevcut Miktar (Dogrulamadan once)",,
"Available quantity (acquired)","Mevcut Miktar (Edinildi)",,
"Available Stock of Lunch Vouchers","Mevcut ogle Yemegi Kuponlari Stoku",,
"Automatic generation dates must be included in the timesheet period","Otomatik uretim Tarihleri ??Zaman cizelgesi Donemine Dahil Edilmelidir",,
"Attach to","Eklemek",,
"Arriving city","Gelen sehir",,
"Area of validity","Gecerlilik Alani",,
"Are you sure wants to remove selected lines?","Secilen cizgileri Kaldirmak istediginden Emin Misiniz?",,
"Application condition","Uygulama Durumu",,
"App timesheet","Uygulama Zaman cizelgesi",,
"App leave","Uygulama izni",,
"App exthrs","Uygulama Exths",,
"App expense","Uygulama Gider",,
"App employee","Uygulama calisani",,
"App Timesheet","Uygulama Zaman cizelgesi",,
"App Leave","Uygulama izni",,
"App Expense","Uygulama Gider",,
"App","Uygulama",,
"Apartment","Apartman",,
"Anomaly","Anomali",,
"Annual report","Yillik Rapor",,
"Annual gross salary","Yillik Brut Maas",,
"Annual expenses report","Yillik Giderler Raporu",,
"Analytic distribution template","Analitik Dagitim sablonu",,
"Analytic distribution lines","Analitik Dagitim Hatlari",,
"Analytic distribution","Analitik Dagitim",,
"Amount","Tutar",,
"Amendment types","Degisiklik Turleri",,
"Amendment type","Degisiklik Turu",,
"Amendment Date","Degisiklik Tarihi",,
"Amendment","Degisiklik",,
"Also export already exported payroll preparations","Ayrica ihracat Zaten ihrac Edilen Bordro Hazirliklarini",,
"Allow negative values for employee leaves","calisan Yapraklari icin Negatif Degerlere izin Verin",,
"Allow negative value for leaves","Yapraklar icin Negatif Degere izin Ver",,
"Allow expense creation","Gider Yaratmaya izin Ver",,
"Allow Injection","Enjeksiyona izin Ver",,
"All timesheets","Tum Zaman cizelgeleri",,
"All my extra hours","Tum Ekstra Saatlerim",,
"All my Timesheets","Tum Zaman cizelgelerim",,
"All my Leave Requests","Tum izin isteklerim",,
"All my Expenses","Tum Masraflarim",,
"All companies","Tum sirketler",,
"All","Hersey",,
"Alert if the manuf. order is finish","Manuf ise Uyari. Siparis Bitti",,
"Alerji","Alerji",,
"Afternoon","ogleden Sonra",,
"Advance management","ileri Yonetim",,
"Advance","ilerlemek",,
"Add lines","cizgiler Ekle",,
"Add an advance","Bir Avans Ekle",,
"Add a line","Bir cizgi Ekle",,
"Activity","Aktivite",,
"Active employees","Aktif calisanlar",,
"Active employee","Aktif calisan",,
"Active","Aktif",,
"Actions","Hareketler",,
"Action","Eylem",,
"Acquired","Edinilen",,
"Accounting","Muhasebe",,
"Account no","Hesap Hayir",,
"Account information","Hesap Bilgileri",,
"ADD A LINE","Bir cizgi Ekle",,
"AB+","Ab+",,
"AB","Ab",,
"A+","A+",,
"A leave request is already accepted over this or a portion of this period of time. Please cancel the previous one to accept this one.","Bu Veya Bu Surenin Bir Kismi uzerinde Bir izin Talebi Zaten Kabul Edilmektedir. Lutfen Bunu Kabul Etmek icin Bir oncekini iptal Edin.",,
"A","A",,
"<a class='fa fa-youtube' href='http://www.youtube.com' target='_blank' />","<A Class='Fa Fa-Youtube' Href='Http://Www.Youtube.Com'Ght='_Blank' />",,
"<a class='fa fa-twitter' href='http://www.twitter.com' target='_blank' />","<A Class='Fa Fa-Twitter' Href='Http://Www.Twitter.Com'Ght='_Blank' />",,
"<a class='fa fa-linkedin' href='http://www.linkedin.com' target='_blank' />","<A Class='Fa Fa--Linkedin' Href='Http://Www.Linkedin.Com'Ght='_Blank' />",,
"<a class='fa fa-facebook' href='http://www.facebook.com' target='_blank' />","<A Class='Fa Fa-Facebook' Href='Http://Www.Facebook.Com'Ght='_Blank' />",,
"6 days week","6 Gun Hafta",,
"%d expenses treated successfully,","%D Masraflari Basariyla Ele Alindi,",,
"%d expense treated successfully,","%D Gider Basariyla Ele Alindi,",,
